,R@20,Judged@10,nDCG@5,P@10,P@3,R@50,Judged@50,AP,P@5,Judged@20,nDCG@10,R@10,nDCG@3
tct-colbertv2+t5,0.28209828682590715,0.998,0.7650279910148402,0.8169999999999998,0.8733333333333334,0.37377521272513176,0.39920000000000017,0.3016997783007602,0.8559999999999997,0.7100000000000002,0.7365494759927409,0.1979227241265803,0.7870391808903412
ance+t5,0.26685309767279536,0.9990000000000001,0.7741906755114478,0.8160000000000001,0.8799999999999999,0.3342009453837662,0.3628,0.27334780588738267,0.8539999999999998,0.6845,0.7347273976174784,0.19869074450107171,0.7999443458559667
bm25+rm3+t5,0.2236259446104517,0.8959999999999999,0.6156832095978142,0.6539999999999999,0.7566666666666667,0.2854694574890506,0.37660000000000005,0.2144465249170888,0.7199999999999995,0.645,0.5664266362812819,0.16632824957304734,0.6487154948968776
bm25+t5,0.2383441491600432,0.9370000000000002,0.6324984935030792,0.6869999999999998,0.78,0.2959462504947416,0.3936,0.22307218827439623,0.7319999999999998,0.671,0.5943615449279048,0.17392187900384715,0.6658103299312517
hybrid-tct-bm25+rm3+t5,0.2918079893981406,0.902,0.7257103719164223,0.7449999999999999,0.8566666666666669,0.43566382972862244,0.5315999999999999,0.33478604397249967,0.8219999999999995,0.7604999999999998,0.6743799885866463,0.1853171978729337,0.7561731968150567
marqo+t5,0.24982056558533042,1.0,0.6945860094992455,0.7770000000000001,0.8066666666666668,0.32435577616080624,0.40900000000000036,0.24935300888184575,0.8099999999999998,0.6835,0.6721334638769224,0.18436656503645868,0.7067319681505688
