,nDCG@5,R@50,Judged@50,P@5,P@10,Judged@10,P@3,R@20,AP,nDCG@3,nDCG@10,R@10,Judged@20
marqo+t5,0.7338881903734457,0.32418661120476877,0.3006,0.8499999999999999,0.802,1.0,0.8633333333333333,0.27769201140923633,0.2693886482470387,0.7501621350693156,0.6986312015613545,0.2345092303931076,0.5959999999999998
marqo,0.4161544027198677,0.2502923579236363,0.28419999999999995,0.5280000000000001,0.52,0.9949999999999999,0.5433333333333333,0.18700090537177483,0.156307243109093,0.42913401592471556,0.4133463659069561,0.1524606096505755,0.57
