,R@10,P@10,R@50,P@3,Judged@10,R@20,Judged@20,AP,nDCG@3,nDCG@5,nDCG@10,P@5
tct-colbertv2,0.3111462078024723,0.7467741935483869,0.4878989969039295,0.8333333333333334,0.9548387096774192,0.3729421871886754,0.589516129032258,0.3674374983112082,0.7531992366875941,0.7326273043897712,0.6911257797295229,0.8258064516129031
ance,0.2647039044910564,0.6790322580645158,0.4196211211160395,0.7956989247311829,0.9532258064516128,0.33565858145007543,0.5870967741935482,0.30510274745545624,0.7026808791890085,0.6597109180387772,0.6177039716606859,0.7354838709677416
bm25+rm3,0.22437272138350825,0.5548387096774196,0.44180808090460794,0.5645161290322582,1.0,0.30315514377372027,0.6596774193548386,0.25886468181901184,0.45273188672561604,0.4404522991800661,0.45428049721908087,0.5580645161290323
bm25,0.23403645735469628,0.5693548387096775,0.46744809525778885,0.623655913978495,1.0,0.32075225785543554,0.6733870967741934,0.2740841000967426,0.5003075041587142,0.4787086240766059,0.47664537163627446,0.5903225806451614
marqo-target,0.1988412373748044,0.4967741935483872,0.25985238753557444,0.5161290322580645,0.9951612903225806,0.22067016193745428,0.5298387096774195,0.16418554566029908,0.3952898122828535,0.3806966929851482,0.3922180166772801,0.4935483870967743
