,P@10,R@50,Judged@50,nDCG@3,R@20,nDCG@5,nDCG@10,AP,P@3,Judged@10,R@10,P@5,Judged@20
tct-colbertv2+t5,0.818,0.42510172919321354,0.3808,0.7835464263637243,0.329908300220524,0.7641844798717323,0.7399371230758967,0.3430168289648235,0.8733333333333334,0.998,0.23702556784771991,0.8559999999999997,0.6965
ance+t5,0.8170000000000002,0.38604515311204607,0.3494000000000001,0.7937571523952504,0.3131422434370499,0.7713112133560606,0.7363002731794803,0.3155253133820859,0.8799999999999999,0.9990000000000001,0.23874660236189313,0.8559999999999998,0.6689999999999999
bm25+rm3+t5,0.7169999999999999,0.3591240111857222,0.3930000000000001,0.6715234858500359,0.2895151877504526,0.6519440740411678,0.609309503347358,0.2767633324873937,0.8,1.0,0.21572694117252125,0.7759999999999998,0.7029999999999998
bm25+t5,0.733,0.3690845829160034,0.4058,0.6752149898842168,0.30133870197696183,0.6545999757350834,0.6257027908271506,0.28511239658003296,0.81,1.0,0.22211945883987705,0.7719999999999998,0.7135000000000001
marqo+t5-raw,0.7110000000000001,0.2888892321774145,0.27499999999999997,0.6774630426788086,0.2462091686778107,0.6604994844303071,0.6225555850174592,0.2321462179547082,0.7733333333333333,0.8829999999999998,0.2041809472760272,0.768,0.5384999999999999
marqo+t5,0.802,0.32418661120476877,0.3006,0.7501621350693156,0.27769201140923633,0.7338881903734457,0.6986312015613545,0.2693886482470387,0.8633333333333333,1.0,0.2345092303931076,0.8499999999999999,0.5959999999999998
