,R@10,P@10,R@50,P@3,Judged@10,R@20,Judged@20,AP,nDCG@3,nDCG@5,nDCG@10,P@5
tct-colbertv2+t5,0.21722725108096716,0.49838709677419346,0.4319422914815565,0.7204301075268816,0.575806451612903,0.31885409082845995,0.45322580645161287,0.2762016974835916,0.6720883101282845,0.6186084557946586,0.5315892033404361,0.638709677419355
ance+t5,0.2084161547775761,0.4677419354838709,0.3817506191574321,0.6720430107526881,0.5354838709677419,0.2912598298247126,0.414516129032258,0.24575400434380598,0.6419498033102117,0.5873519931114644,0.4989535947586902,0.6096774193548387
bm25+rm3+t5,0.29208420066131,0.7096774193548386,0.44180808090460794,0.8172043010752688,1.0,0.36346210859919176,0.6653225806451611,0.338956604278579,0.7133126821614201,0.6746529978699537,0.6323319499601999,0.7709677419354836
bm25+t5,0.30610632932319576,0.7403225806451609,0.46744809525778885,0.8279569892473119,1.0,0.38796595554888863,0.6749999999999998,0.35873628334012303,0.7112026898236349,0.6699184703682068,0.65252623137623,0.7709677419354836
marqo+t5-target,0.1435086148673105,0.3241935483870967,0.23402238603772418,0.47311827956989233,0.3790322580645162,0.1855076439999087,0.2653225806451613,0.14466098023240961,0.4572296364099002,0.4264753823690138,0.3544619395672213,0.4387096774193549
