,R@10,AP,P@3,P@5,nDCG@5,R@5,R@50,Judged@10,P@10,nDCG@10
requirements,0.04208719248502661,0.03248480451651733,0.35666666666666663,0.3600000000000001,0.3085392710547269,0.04069893718290576,0.05566108910961573,0.509,0.18600000000000005,0.20548313027231177
steps-requirements,0.06211314175741986,0.05083492012249731,0.4533333333333334,0.4459999999999999,0.3718110987158393,0.04965039799541666,0.09945693872552173,0.6120000000000002,0.2790000000000001,0.27571384819788497
steps,0.0593039486043941,0.04708208536785217,0.4700000000000001,0.4639999999999999,0.38680807904229103,0.051693752532058775,0.08317973423481956,0.5580000000000004,0.267,0.2727604036187458
title-requirements,0.1489106736956178,0.22613757551033747,0.8033333333333331,0.7679999999999996,0.69203747714326,0.0911038814034803,0.3266989133549032,0.7249999999999999,0.6189999999999999,0.5907814217617414
title-steps-requirements,0.14768500728601464,0.22494883468191873,0.7599999999999997,0.7439999999999997,0.6666777523360927,0.08824893114867007,0.3216502525681008,0.7739999999999999,0.6190000000000001,0.5807523340954408
title-steps,0.1478890889186677,0.22466822926229862,0.7633333333333332,0.7479999999999997,0.670576747053087,0.08856918934132152,0.3202664639429329,0.7719999999999999,0.6200000000000001,0.5823283760648187
title,0.1486051714457287,0.2250618576463966,0.8066666666666664,0.7759999999999997,0.6973228389970295,0.0919587183179026,0.32184070044531615,0.714,0.616,0.5901001186532907
