,nDCG@3,P@5,AP,P@3,P@10,R@10,R@20,Judged@10,nDCG@10,nDCG@5,Judged@20,R@50
tct-colbertv2+t5,0.740441701068807,0.8039999999999998,0.5682354622823105,0.8366666666666667,0.675,0.4809943907336289,0.6492723968098276,1.0,0.7100873041227522,0.7308892855070347,0.7855,0.7355271987704044
tct-colbertv2,0.7460812763221487,0.7739999999999996,0.5293782743636573,0.8333333333333335,0.6320000000000003,0.4539042093265913,0.5940483099355285,1.0,0.6693317679763894,0.7060386049726861,0.7390000000000001,0.7355271987704044
