,nDCG@3,P@5,AP,P@3,P@10,R@10,R@20,Judged@10,nDCG@10,nDCG@5,Judged@20,R@50
marqo+t5,0.7315615645779202,0.7879999999999996,0.5668511748071985,0.8266666666666669,0.6689999999999999,0.48102368932835027,0.6578758011749397,1.0,0.6994387981801696,0.7127140819949627,0.775,0.7357114316674485
marqo,0.6104965882512148,0.6599999999999998,0.45509454714681874,0.7099999999999999,0.5479999999999997,0.39311074072649654,0.5300820061573461,1.0,0.5679885019005061,0.5826730404751895,0.7250000000000003,0.7320272211411327
