,R@20,Judged@20,P@5,P@10,nDCG@10,P@3,R@50,nDCG@5,nDCG@3,AP,R@10,Judged@10
bm25+rm3+t5,0.666615640421408,0.7904999999999999,0.7799999999999996,0.6990000000000001,0.7069597093069404,0.806666666666667,0.7670794111524792,0.7092447765124232,0.7296609870349,0.587039740190396,0.49897114684645316,1.0
bm25+rm3,0.6090255694795773,0.7585000000000002,0.696,0.6139999999999999,0.6038412953139959,0.7366666666666665,0.7670794111524792,0.6021880605008836,0.6231182883665736,0.5192911828741663,0.42996703315791024,1.0
bm25+t5,0.6621343108653209,0.7994999999999999,0.7659999999999997,0.6820000000000002,0.6957945128195867,0.7866666666666666,0.7530014972184008,0.6977160161327899,0.7178278787196776,0.5714497783151999,0.48702999353176685,1.0
bm25,0.5924930111837132,0.7664999999999996,0.69,0.5830000000000002,0.5843953518756576,0.7266666666666662,0.7530014972184008,0.6030727801498286,0.6231165884353473,0.4957058324752175,0.4109653138373121,1.0
