,P@3,R@20,R@50,nDCG@3,nDCG@5,Judged@10,Judged@50,Judged@20,R@10,nDCG@10,P@10,AP,P@5
tct-colbertv2+t5,0.84,0.6395369137137853,0.7255483469492114,0.7439158054933569,0.7340907386744762,1.0,0.4256000000000003,0.7929999999999999,0.46980046252004515,0.7102323591384858,0.6759999999999999,0.5605751075174409,0.8059999999999996
ance+t5,0.8333333333333337,0.5720881271002214,0.6349163913303663,0.7457799175744126,0.7284144239660667,1.0,0.3936000000000002,0.7384999999999999,0.4477796423584531,0.6865211638720423,0.6480000000000001,0.5018856056734204,0.7979999999999997
bm25+rm3+t5,0.8100000000000003,0.6574962751454458,0.7610376593987244,0.7326311130573743,0.7112603450843874,1.0,0.4446,0.7994999999999998,0.48749513034154496,0.7066419973110355,0.7010000000000001,0.5822875478626083,0.7819999999999996
bm25+t5,0.79,0.6525756696461591,0.7468569158979644,0.7207980047421516,0.6997315847047539,1.0,0.4482,0.8075,0.4758288009789164,0.6955836534920007,0.6840000000000002,0.5663538886446242,0.7679999999999997
hybrid-tct-bm25+rm3+t5,0.8333333333333333,0.6639936837967413,0.7559452168792541,0.736569411863243,0.7323699630783628,0.9980000000000001,0.4412000000000001,0.8084999999999998,0.4742264955724282,0.7122470935112125,0.6819999999999999,0.5805115786765844,0.8099999999999996
marqo+t5,0.8400000000000002,0.6476551454493081,0.7314892221565635,0.7459016530777545,0.7232727026887562,0.998,0.44080000000000014,0.787,0.4703750591304698,0.7066992736225772,0.6749999999999998,0.5623698489143255,0.7959999999999995
