,P@3,R@20,R@50,nDCG@3,nDCG@5,Judged@10,Judged@50,Judged@20,R@10,nDCG@10,P@10,AP,P@5
tct-colbertv2+t5,0.84,0.6395369137137853,0.7255483469492114,0.7439158054933569,0.7340907386744762,1.0,0.4256000000000003,0.7929999999999999,0.46980046252004515,0.7102323591384858,0.6759999999999999,0.5605751075174409,0.8059999999999996
tct-colbertv2,0.8366666666666667,0.5818081216533036,0.7255483469492114,0.7472498196807978,0.7066676699577612,1.0,0.4256000000000003,0.7415,0.4443519848724425,0.6687086520168538,0.6330000000000003,0.5220055000344557,0.7759999999999997
