,nDCG@5,Judged@50,R@20,R@50,Judged@10,P@5,AP,P@3,P@10,nDCG@10,R@10,Judged@20,nDCG@3
tct-colbertv2+t5,0.7340907386744762,0.4256000000000003,0.6395369137137853,0.7255483469492114,1.0,0.8059999999999996,0.5605751075174409,0.84,0.6759999999999999,0.7102323591384858,0.46980046252004515,0.7929999999999999,0.7439158054933569
ance+t5,0.7284144239660667,0.3936000000000002,0.5720881271002214,0.6349163913303663,1.0,0.7979999999999997,0.5018856056734204,0.8333333333333337,0.6480000000000001,0.6865211638720423,0.4477796423584531,0.7384999999999999,0.7457799175744126
bm25+rm3+t5,0.7112603450843874,0.4446,0.6574962751454458,0.7610376593987244,1.0,0.7819999999999996,0.5822875478626083,0.8100000000000003,0.7010000000000001,0.7066419973110355,0.48749513034154496,0.7994999999999998,0.7326311130573743
bm25+t5,0.6997315847047539,0.4482,0.6525756696461591,0.7468569158979644,1.0,0.7679999999999997,0.5663538886446242,0.79,0.6840000000000002,0.6955836534920007,0.4758288009789164,0.8075,0.7207980047421516
hybrid-tct-bm25+rm3+t5,0.7196521762995848,0.5237999999999999,0.6930562504854234,0.8570948592404986,0.9850000000000003,0.7899999999999996,0.6293955880247724,0.83,0.6830000000000003,0.7109531265254667,0.47266435535859586,0.8474999999999998,0.741010640527731
marqo+t5,0.7232727026887562,0.44080000000000014,0.6476551454493081,0.7314892221565635,0.998,0.7959999999999995,0.5623698489143255,0.8400000000000002,0.6749999999999998,0.7066992736225772,0.4703750591304698,0.787,0.7459016530777545
