,R@50,P@3,nDCG@10,AP,Judged@10,P@10,nDCG@3
all-contents,0.7314892221565635,0.7133333333333333,0.573950583431419,0.4527988947729763,0.9990000000000001,0.5549999999999998,0.6174192089801864
steps-title,0.7837529253268639,0.8633333333333333,0.6829178208477927,0.5588466308521659,0.9230000000000004,0.6350000000000001,0.7754035356756167
steps,0.5508518050447914,0.5200000000000002,0.39376749822878054,0.27940111477831897,0.787,0.39399999999999996,0.4206579487752397
tags-steps-title,0.7859265968244484,0.8633333333333333,0.6841807041780639,0.5609614621084144,0.9220000000000003,0.6360000000000001,0.7754035356756167
tags-steps,0.5771130132927184,0.5166666666666668,0.4036362561472631,0.29224419181737443,0.7919999999999999,0.408,0.4203507360354673
title-tags,0.7898645410176637,0.8733333333333334,0.7027552511291881,0.570556544912438,0.8900000000000001,0.6509999999999998,0.792368963473957
title,0.7894510128791355,0.8733333333333334,0.7034114032649367,0.5706921820759946,0.8920000000000001,0.6509999999999999,0.7908885539191277
