,Judged@50,R@20,R@50,nDCG@10,P@10,R@10,Judged@20,P@5,nDCG@5,AP,nDCG@3,Judged@10,P@3
tct-colbertv2,0.4256000000000003,0.5818081216533036,0.7255483469492114,0.6687086520168538,0.6330000000000003,0.4443519848724425,0.7415,0.7759999999999997,0.7066676699577612,0.5220055000344557,0.7472498196807978,1.0,0.8366666666666667
ance,0.3936000000000002,0.4956817263467223,0.6349163913303663,0.6167601523169581,0.5589999999999997,0.3840213039982563,0.7000000000000002,0.7019999999999997,0.6598574332111634,0.4311413965330946,0.7129198002830769,1.0,0.7833333333333333
bm25+best_k1=2.4+best_b=0.58,0.45219999999999994,0.6027816994075971,0.7580409570749589,0.5987722490572412,0.5989999999999999,0.4124694976939235,0.7594999999999998,0.7019999999999997,0.6127412772035274,0.5104740242688066,0.6291184321555983,0.9490000000000002,0.7299999999999998
bm25+rm3+best_k1=2.4+best_b=0.58+best_fb_terms=57.0+best_fb_docs=9.0+best_original_query_weight=0.48,0.45060000000000017,0.6146544537612322,0.7743832328393744,0.6119297988796528,0.617,0.4209086087055543,0.7595000000000001,0.7199999999999994,0.6201715865296066,0.5318277112669042,0.6425679627332802,0.956,0.7566666666666664
bm25+rm3,0.4446,0.6012995833318524,0.7610376593987244,0.6058380745988887,0.6169999999999998,0.4223034771214912,0.7655000000000001,0.7019999999999998,0.6070616710315647,0.5173367261192657,0.6291355520835403,1.0,0.7433333333333332
bm25,0.4482,0.5838273139793493,0.7468569158979644,0.5844050515401907,0.5860000000000002,0.40374029330969485,0.7724999999999999,0.6919999999999998,0.6032221226558971,0.49294891376690053,0.6241291986959064,1.0,0.7299999999999995
marqo,0.44080000000000014,0.5259714820106892,0.7314892221565635,0.573950583431419,0.5549999999999998,0.3876914197556331,0.7395000000000003,0.6679999999999998,0.5912789055540079,0.4527988947729763,0.6174192089801864,0.9990000000000001,0.7133333333333333
