,Judged@10,P@3,P@10,Judged@50,nDCG@10,AP,nDCG@5,P@5,nDCG@3,R@20,R@50,R@10,Judged@20
tct-colbertv2,1.0,0.8333333333333335,0.6320000000000003,0.4196000000000003,0.6693317679763894,0.5293782743636573,0.7060386049726861,0.7739999999999996,0.7460812763221487,0.5940483099355285,0.7355271987704044,0.4539042093265913,0.7390000000000001
ance,1.0,0.7833333333333333,0.5579999999999998,0.3886000000000001,0.6173872053203194,0.4387283886830732,0.6582909293723279,0.6999999999999997,0.7112426250659444,0.5061847661630035,0.6454984316654762,0.3930094870793046,0.6965000000000002
bm25+rm3,1.0,0.7366666666666665,0.6139999999999999,0.43520000000000003,0.6038412953139959,0.5192911828741663,0.6021880605008836,0.696,0.6231182883665736,0.6090255694795773,0.7670794111524792,0.42996703315791024,0.7585000000000002
bm25,1.0,0.7266666666666662,0.5830000000000002,0.4388,0.5843953518756576,0.4957058324752175,0.6030727801498286,0.69,0.6231165884353473,0.5924930111837132,0.7530014972184008,0.4109653138373121,0.7664999999999996
marqo,1.0,0.7099999999999999,0.5479999999999997,0.42740000000000017,0.5679885019005061,0.45509454714681874,0.5826730404751895,0.6599999999999998,0.6104965882512148,0.5300820061573461,0.7320272211411327,0.39311074072649654,0.7250000000000003
