,P@10,Judged@50,R@20,R@50,nDCG@3,Judged@20,AP,nDCG@5,P@5,nDCG@10,P@3,R@10,Judged@10
steps-title,0.6300000000000001,0.45219999999999994,0.6395405448039045,0.7888282763971047,0.7727452758493227,0.7579999999999997,0.5615084931623611,0.7194894240279025,0.7719999999999996,0.6812561653376049,0.8633333333333333,0.45172902939181037,0.8910000000000003
steps,0.382,0.32940000000000014,0.3799599172166879,0.5540079621852101,0.4094847519601828,0.535,0.27671057586994197,0.3892383608812722,0.4599999999999998,0.3868006403324251,0.49666666666666665,0.28292586318573654,0.7219999999999999
tags-steps-title,0.6310000000000001,0.45099999999999996,0.6411277072115003,0.7895565615708233,0.7727452758493227,0.7549999999999997,0.5629089429958556,0.7201402317835702,0.7699999999999996,0.6825190486678759,0.8633333333333333,0.4530001112511275,0.8860000000000003
tags-steps,0.39699999999999996,0.34019999999999995,0.3922347499690748,0.5759912515715989,0.4093334723185004,0.5395000000000001,0.2884600366961182,0.39659203452959946,0.4719999999999998,0.3972095593802114,0.4966666666666667,0.29334464104530383,0.7249999999999998
tags,0.16599999999999998,0.1382,0.1681794691940774,0.25348324321578125,0.1502022803293075,0.20100000000000004,0.10947526749344315,0.15126180071675444,0.19399999999999995,0.15318061166224944,0.1999999999999999,0.11261849223225584,0.25699999999999995
title-steps,0.638,0.4578000000000001,0.6434795346216129,0.7979903137536398,0.7717126686669716,0.7565,0.5722249421548787,0.7244243504023571,0.7799999999999996,0.6879154176904616,0.86,0.45955707151876557,0.8870000000000003
title,0.6460000000000001,0.4213999999999998,0.6260757537021839,0.7961032842264298,0.7882302940928337,0.706,0.5749548985084811,0.7383191223427227,0.7959999999999994,0.7016856694381499,0.8733333333333334,0.46189749467714203,0.8820000000000001
