,P@10,Judged@50,R@20,R@50,nDCG@3,Judged@20,AP,nDCG@5,P@5,nDCG@10,P@3,R@10,Judged@10
steps-title,0.6457627118644068,0.4444067796610169,0.6637362170879046,0.8214430758801696,0.77134356990282,0.7796610169491528,0.5915767721291901,0.7346742141601534,0.8067796610169492,0.6903145809060662,0.8757062146892653,0.46962441180044984,0.932203389830508
steps,0.4050847457627118,0.31864406779661036,0.4048763964007153,0.5702698036959195,0.42506518224678486,0.5432203389830508,0.2985319851464866,0.4142875795224048,0.5050847457627119,0.4071124394156717,0.536723163841808,0.3076695317888205,0.7881355932203387
tags-steps-title,0.6457627118644068,0.4477966101694915,0.6641601491202371,0.82758217847185,0.77134356990282,0.7796610169491528,0.5950287412848245,0.7359120815317017,0.8033898305084746,0.6911093237603659,0.8757062146892653,0.4702379557838841,0.9305084745762707
tags-steps,0.4186440677966101,0.3437288135593222,0.42037195745476225,0.614269965403443,0.41929733430813904,0.5593220338983049,0.312929799418324,0.41794614998082097,0.5084745762711864,0.41461259341899814,0.5254237288135594,0.31612882354499583,0.796610169491525
tags,0.21525423728813559,0.21559322033898298,0.22064223170073702,0.3409303633484233,0.20790047136030218,0.3686440677966103,0.15881963493947637,0.19921030432565526,0.2542372881355932,0.19746074317852638,0.27118644067796605,0.14722303282617666,0.5152542372881356
title-steps,0.6576271186440678,0.45627118644067804,0.669405049877582,0.8380850280104811,0.7733320390808827,0.7822033898305084,0.6075649711816302,0.7401765159409947,0.8101694915254238,0.7005927001663573,0.8757062146892653,0.48315953411085916,0.9355932203389826
title,0.6677966101694917,0.4101694915254238,0.6597309119894655,0.8213535447941939,0.7910661845687854,0.7059322033898305,0.6026652432490379,0.757526929162067,0.8338983050847457,0.7139808099827383,0.9039548022598868,0.48794679734022234,0.8847457627118641
